PARSED_DATE,BRONX,BROOKLYN,MANHATTAN,QUEENS,STATEN ISLAND
2012-07-01,39,135,119,101,26
2012-07-02,71,140,113,94,25
2012-07-03,73,167,150,136,22
2012-07-04,51,94,65,93,22
2012-07-05,60,153,107,123,24
2012-07-06,59,131,147,131,34
2012-07-07,49,111,98,93,27
2012-07-08,50,112,70,80,22
2012-07-09,58,117,104,113,16
2012-07-10,42,128,123,93,24
2012-07-11,51,140,110,102,24
2012-07-12,53,147,131,88,26
2012-07-13,59,143,128,103,24
2012-07-14,53,123,110,91,30
2012-07-15,46,114,108,82,25
2012-07-16,51,138,100,97,21
2012-07-17,53,145,137,124,25
2012-07-18,63,114,127,106,28
2012-07-19,36,104,118,106,24
2012-07-20,48,122,142,132,28
2012-07-21,54,95,120,105,13
2012-07-22,50,131,98,88,20
2012-07-23,47,130,109,95,13
2012-07-24,58,124,139,98,28
2012-07-25,70,136,131,110,24
2012-07-26,51,128,159,123,32
2012-07-27,52,140,145,123,35
2012-07-28,53,110,116,105,29
2012-07-29,42,62,84,83,26
2012-07-30,48,131,124,97,19
2012-07-31,51,119,121,89,32
2012-08-01,65,113,126,132,32
2012-08-02,50,132,123,95,29
2012-08-03,72,126,129,106,26
2012-08-04,63,112,125,102,20
2012-08-05,51,117,102,100,20
2012-08-06,56,160,113,111,25
2012-08-07,53,131,126,99,31
2012-08-08,51,141,117,103,20
2012-08-09,53,136,123,105,38
2012-08-10,77,117,139,125,37
2012-08-11,57,121,108,86,18
2012-08-12,44,105,109,112,17
2012-08-13,57,128,85,86,29
2012-08-14,33,119,129,94,30
2012-08-15,42,137,127,118,35
2012-08-16,50,147,136,102,31
2012-08-17,57,130,128,93,26
2012-08-18,60,120,116,96,23
2012-08-19,50,106,95,86,23
2012-08-20,40,131,89,94,17
2012-08-21,44,115,101,90,25
2012-08-22,45,109,105,103,30
2012-08-23,51,124,142,81,46
2012-08-24,69,122,135,94,24
2012-08-25,53,108,90,95,20
2012-08-26,46,109,93,74,17
2012-08-27,42,135,88,114,36
2012-08-28,69,151,102,96,28
2012-08-29,49,115,112,121,18
2012-08-30,53,143,123,104,39
2012-08-31,63,155,158,132,39
2012-09-01,51,137,93,92,21
2012-09-02,39,115,80,83,19
2012-09-03,31,135,60,59,12
2012-09-04,53,139,115,113,31
2012-09-05,53,149,132,118,21
2012-09-06,51,129,127,102,27
2012-09-07,63,146,163,120,41
2012-09-08,51,150,116,114,30
2012-09-09,49,115,99,75,21
2012-09-10,60,153,121,124,38
2012-09-11,58,127,103,85,16
2012-09-12,48,161,137,131,27
2012-09-13,58,139,135,133,28
2012-09-14,70,126,120,134,32
2012-09-15,54,110,134,110,24
2012-09-16,42,96,93,101,16
2012-09-17,41,87,115,79,24
2012-09-18,66,124,126,94,30
2012-09-19,61,128,130,119,27
2012-09-20,41,110,124,97,38
2012-09-21,61,147,137,111,40
2012-09-22,50,106,137,110,26
2012-09-23,40,102,97,96,26
2012-09-24,54,142,111,120,21
2012-09-25,55,158,130,107,23
2012-09-26,32,63,105,83,25
2012-09-27,50,145,129,117,34
2012-09-28,69,166,133,126,39
2012-09-29,60,93,109,107,23
2012-09-30,37,88,95,90,28
2012-10-01,57,124,104,117,26
2012-10-02,41,132,136,117,38
2012-10-03,60,107,115,86,26
2012-10-04,56,132,106,105,34
2012-10-05,69,148,151,121,39
2012-10-06,54,83,114,102,25
2012-10-07,49,119,96,99,22
2012-10-08,32,95,76,76,12
2012-10-09,45,144,112,102,37
2012-10-10,71,152,117,122,35
2012-10-11,67,141,140,121,32
2012-10-12,51,124,130,125,31
2012-10-13,48,113,128,106,28
2012-10-14,48,122,112,84,27
2012-10-15,53,142,126,116,26
2012-10-16,59,136,109,116,38
2012-10-17,53,135,116,112,38
2012-10-18,50,126,139,106,37
2012-10-19,57,168,158,139,51
2012-10-20,46,129,142,131,23
2012-10-21,47,93,73,77,15
2012-10-22,69,158,113,101,31
2012-10-23,51,137,97,91,19
2012-10-24,45,126,99,85,27
2012-10-25,43,128,119,91,21
2012-10-26,65,133,131,106,22
2012-10-27,55,116,117,90,19
2012-10-28,52,103,65,73,13
2012-10-29,29,81,59,63,11
2012-10-30,41,105,79,71,11
2012-10-31,41,129,118,123,17
2012-11-01,45,113,70,107,18
2012-11-02,33,77,63,87,18
2012-11-03,25,76,50,78,18
2012-11-04,37,80,62,75,11
2012-11-05,52,129,80,103,24
2012-11-06,42,126,104,98,26
2012-11-07,80,186,130,148,31
2012-11-08,64,119,92,116,30
2012-11-09,58,164,153,124,42
2012-11-10,41,111,81,104,23
2012-11-11,56,120,91,109,29
2012-11-12,33,138,114,108,26
2012-11-13,48,163,140,108,51
2012-11-14,54,149,131,106,31
2012-11-15,53,143,117,106,22
2012-11-16,62,143,124,121,28
2012-11-17,43,124,126,99,23
2012-11-18,37,115,76,96,16
2012-11-19,52,129,112,123,37
2012-11-20,49,139,148,130,40
2012-11-21,59,165,131,134,24
2012-11-22,44,79,58,85,23
2012-11-23,46,122,61,98,32
2012-11-24,43,106,86,101,18
2012-11-25,33,104,80,96,16
2012-11-26,61,140,104,115,22
2012-11-27,43,157,126,125,25
2012-11-28,57,108,109,97,32
2012-11-29,45,102,123,84,31
2012-11-30,49,125,122,105,31
2012-12-01,49,119,105,89,24
2012-12-02,37,96,109,93,18
2012-12-03,54,168,103,117,35
2012-12-04,46,158,117,120,28
2012-12-05,37,116,117,114,25
2012-12-06,58,148,129,119,31
2012-12-07,64,189,151,120,36
2012-12-08,47,109,138,132,29
2012-12-09,40,151,98,104,13
2012-12-10,59,157,99,120,28
2012-12-11,44,139,137,95,29
2012-12-12,56,133,126,84,32
2012-12-13,57,133,112,109,26
2012-12-14,83,147,145,118,27
2012-12-15,47,114,113,97,23
2012-12-16,43,110,90,103,30
2012-12-17,62,149,121,126,25
2012-12-18,66,142,129,111,35
2012-12-19,53,153,119,102,35
2012-12-20,40,129,137,126,37
2012-12-21,79,181,149,135,34
2012-12-22,47,111,105,110,29
2012-12-23,38,84,67,97,19
2012-12-24,55,122,74,110,33
2012-12-25,44,83,51,73,13
2012-12-26,60,139,91,94,23
2012-12-27,44,131,102,97,30
2012-12-28,60,132,102,87,34
2012-12-29,42,119,82,91,29
2012-12-30,37,96,101,82,11
2012-12-31,59,122,83,97,27
2013-01-01,33,102,73,68,19
2013-01-02,53,129,65,81,19
2013-01-03,60,131,107,90,22
2013-01-04,57,118,99,93,22
2013-01-05,43,80,73,88,22
2013-01-06,40,82,72,83,24
2013-01-07,56,131,83,90,28
2013-01-08,55,136,92,91,25
2013-01-09,49,94,89,114,32
2013-01-10,50,135,120,100,30
2013-01-11,55,174,136,120,29
2013-01-12,48,119,74,97,20
2013-01-13,30,92,74,73,25
2013-01-14,61,134,94,91,27
2013-01-15,48,112,109,100,25
2013-01-16,44,130,101,137,22
2013-01-17,48,115,110,94,25
2013-01-18,50,110,140,104,28
2013-01-19,43,101,102,96,19
2013-01-20,34,83,79,83,16
2013-01-21,26,97,57,76,24
2013-01-22,50,112,97,107,35
2013-01-23,44,143,104,101,16
2013-01-24,51,131,119,100,30
2013-01-25,70,152,122,153,44
2013-01-26,56,129,113,113,29
2013-01-27,44,89,91,83,15
2013-01-28,50,130,98,98,28
2013-01-29,51,125,100,110,23
2013-01-30,39,104,108,100,25
2013-01-31,48,136,116,113,25
2013-02-01,52,148,132,102,26
2013-02-02,73,137,105,101,18
2013-02-03,52,131,71,87,22
2013-02-04,67,132,88,112,35
2013-02-05,54,119,117,120,32
2013-02-06,54,135,110,99,36
2013-02-07,53,116,103,112,16
2013-02-08,111,193,108,138,30
2013-02-09,48,90,82,102,23
2013-02-10,32,94,80,75,24
2013-02-11,43,118,87,100,19
2013-02-12,62,113,95,96,27
2013-02-13,58,124,113,107,35
2013-02-14,58,153,109,122,32
2013-02-15,70,118,139,121,27
2013-02-16,55,109,87,84,23
2013-02-17,42,113,89,78,21
2013-02-18,32,82,82,68,24
2013-02-19,55,108,111,93,21
2013-02-20,54,126,82,92,34
2013-02-21,44,113,108,85,26
2013-02-22,62,120,118,93,19
2013-02-23,51,116,113,109,33
2013-02-24,43,104,89,74,21
2013-02-25,66,104,97,90,22
2013-02-26,43,127,115,96,26
2013-02-27,52,125,123,93,30
2013-02-28,55,131,103,84,15
2013-03-01,67,133,111,112,34
2013-03-02,44,110,103,86,20
2013-03-03,44,111,93,93,23
2013-03-04,52,156,114,108,36
2013-03-05,46,115,99,104,24
2013-03-06,53,124,103,91,18
2013-03-07,69,130,109,96,37
2013-03-08,127,193,134,205,44
2013-03-09,64,109,122,101,37
2013-03-10,42,96,78,84,19
2013-03-11,57,130,90,108,23
2013-03-12,54,113,134,99,20
2013-03-13,60,137,134,122,28
2013-03-14,67,138,116,83,25
2013-03-15,70,128,133,101,31
2013-03-16,60,108,102,121,25
2013-03-17,44,108,89,84,20
2013-03-18,80,127,124,117,33
2013-03-19,64,118,91,112,31
2013-03-20,52,125,108,104,31
2013-03-21,50,110,90,93,29
2013-03-22,55,135,108,137,30
2013-03-23,49,94,104,96,25
2013-03-24,46,103,99,88,20
2013-03-25,41,127,97,107,26
2013-03-26,32,85,91,99,26
2013-03-27,51,97,94,101,18
2013-03-28,48,117,128,114,22
2013-03-29,57,106,112,102,19
2013-03-30,62,103,95,115,25
2013-03-31,39,100,80,102,8
2013-04-01,49,100,91,98,23
2013-04-02,43,76,93,86,30
2013-04-03,42,129,109,93,31
2013-04-04,59,160,99,89,25
2013-04-05,61,129,122,127,24
2013-04-06,49,131,125,99,20
2013-04-07,43,96,106,96,18
2013-04-08,54,149,109,124,31
2013-04-09,58,149,118,116,26
2013-04-10,50,144,125,107,29
2013-04-11,53,126,101,105,17
2013-04-12,76,159,135,105,35
2013-04-13,39,118,120,121,33
2013-04-14,49,108,112,85,16
2013-04-15,55,161,107,127,22
2013-04-16,61,132,129,98,31
2013-04-17,59,107,120,98,25
2013-04-18,51,127,124,98,25
2013-04-19,60,132,120,90,25
2013-04-20,59,118,117,101,13
2013-04-21,54,104,64,90,16
2013-04-22,54,131,118,115,23
2013-04-23,55,119,109,87,26
2013-04-24,50,146,111,117,34
2013-04-25,62,139,105,109,21
2013-04-26,82,161,135,114,29
2013-04-27,40,104,106,111,26
2013-04-28,34,110,88,78,16
2013-04-29,56,153,113,134,37
2013-04-30,45,153,127,97,38
2013-05-01,55,140,121,98,37
2013-05-02,58,132,113,110,37
2013-05-03,68,148,132,146,37
2013-05-04,44,138,144,103,22
2013-05-05,43,115,104,101,23
2013-05-06,60,129,112,105,28
2013-05-07,65,151,120,96,27
2013-05-08,42,168,139,96,28
2013-05-09,49,157,128,111,30
2013-05-10,73,173,140,115,37
2013-05-11,50,116,114,96,31
2013-05-12,49,124,96,106,17
2013-05-13,63,138,113,108,26
2013-05-14,46,116,117,124,27
2013-05-15,52,110,101,114,33
2013-05-16,71,112,127,114,19
2013-05-17,87,161,162,134,25
2013-05-18,58,114,114,97,20
2013-05-19,49,128,105,101,35
2013-05-20,57,164,142,129,29
2013-05-21,51,165,139,152,36
2013-05-22,66,127,130,90,25
2013-05-23,64,168,171,147,38
2013-05-24,57,154,147,112,33
2013-05-25,65,104,101,112,21
2013-05-26,43,107,93,92,24
2013-05-27,45,112,72,83,21
2013-05-28,81,150,121,135,36
2013-05-29,53,121,130,108,25
2013-05-30,59,171,142,133,40
2013-05-31,85,171,151,129,37
2013-06-01,64,155,117,120,33
2013-06-02,46,119,96,90,26
2013-06-03,70,163,142,129,34
2013-06-04,60,144,123,108,23
2013-06-05,61,131,107,123,30
2013-06-06,61,144,129,110,24
2013-06-07,83,175,163,167,35
2013-06-08,64,133,102,102,33
2013-06-09,52,133,108,91,23
2013-06-10,55,144,124,132,32
2013-06-11,57,151,118,129,23
2013-06-12,64,129,138,107,33
2013-06-13,50,141,115,99,29
2013-06-14,81,169,157,110,27
2013-06-15,65,137,123,104,31
2013-06-16,47,111,97,83,21
2013-06-17,42,190,117,91,31
2013-06-18,57,159,127,100,37
2013-06-19,54,153,143,120,39
2013-06-20,78,173,111,105,44
2013-06-21,40,155,159,140,36
2013-06-22,68,116,121,119,23
2013-06-23,36,138,93,93,21
2013-06-24,69,154,155,114,37
2013-06-25,62,152,130,112,35
2013-06-26,65,128,134,128,33
2013-06-27,49,132,136,114,23
2013-06-28,60,136,136,109,35
2013-06-29,46,151,113,115,28
2013-06-30,42,102,105,80,15
2013-07-01,58,165,134,112,20
2013-07-02,53,149,116,116,21
2013-07-03,53,150,123,110,16
2013-07-04,57,107,65,87,17
2013-07-05,72,139,103,113,20
2013-07-06,78,111,81,104,17
2013-07-07,51,118,93,94,11
2013-07-08,50,133,122,119,23
2013-07-09,64,128,114,106,20
2013-07-10,53,136,127,124,16
2013-07-11,63,142,126,85,15
2013-07-12,62,136,137,100,23
2013-07-13,53,124,106,111,26
2013-07-14,59,102,91,101,14
2013-07-15,56,140,118,100,21
2013-07-16,58,114,116,121,20
2013-07-17,47,128,117,156,18
2013-07-18,56,166,130,116,10
2013-07-19,68,155,158,129,18
2013-07-20,64,116,105,124,16
2013-07-21,40,102,83,92,11
2013-07-22,43,139,108,124,21
2013-07-23,62,130,114,107,11
2013-07-24,53,118,139,105,16
2013-07-25,48,114,117,104,10
2013-07-26,52,140,154,107,16
2013-07-27,49,104,124,123,15
2013-07-28,48,106,101,105,10
2013-07-29,69,118,131,122,19
2013-07-30,59,136,115,113,12
2013-07-31,51,118,129,105,10
2013-08-01,59,168,126,124,21
2013-08-02,64,144,132,113,24
2013-08-03,64,109,113,76,22
2013-08-04,45,91,103,85,12
2013-08-05,55,127,113,105,18
2013-08-06,55,135,115,96,15
2013-08-07,54,114,102,99,14
2013-08-08,44,116,122,103,19
2013-08-09,58,155,111,112,27
2013-08-10,41,97,108,111,10
2013-08-11,52,105,83,99,16
2013-08-12,55,131,108,83,10
2013-08-13,45,127,126,106,15
2013-08-14,62,143,128,125,16
2013-08-15,57,133,139,98,25
2013-08-16,62,137,151,114,24
2013-08-17,35,122,99,93,16
2013-08-18,48,84,106,82,16
2013-08-19,52,103,100,91,8
2013-08-20,67,117,112,102,14
2013-08-21,35,149,127,122,20
2013-08-22,47,139,127,101,24
2013-08-23,68,138,139,105,23
2013-08-24,57,139,92,93,19
2013-08-25,46,102,99,87,13
2013-08-26,54,133,106,89,14
2013-08-27,48,113,120,83,15
2013-08-28,35,105,110,92,11
2013-08-29,47,142,122,100,15
2013-08-30,50,155,109,103,17
2013-08-31,44,127,93,86,16
2013-09-01,52,138,84,92,8
2013-09-02,26,135,77,83,7
2013-09-03,46,142,122,101,10
2013-09-04,57,136,127,95,16
2013-09-05,37,110,107,91,19
2013-09-06,59,107,103,112,25
2013-09-07,65,113,135,107,14
2013-09-08,63,104,94,97,14
2013-09-09,59,156,133,120,17
2013-09-10,53,147,145,110,19
2013-09-11,58,126,130,120,23
2013-09-12,62,176,149,125,18
2013-09-13,64,133,145,138,26
2013-09-14,53,115,115,103,17
2013-09-15,47,129,96,75,13
2013-09-16,73,115,128,117,20
2013-09-17,70,169,124,109,18
2013-09-18,60,126,102,123,17
2013-09-19,52,104,134,91,15
2013-09-20,69,124,132,143,19
2013-09-21,47,129,118,96,19
2013-09-22,41,116,119,129,23
2013-09-23,78,151,135,124,25
2013-09-24,54,121,131,116,25
2013-09-25,59,105,109,108,30
2013-09-26,61,105,110,96,19
2013-09-27,53,117,109,118,26
2013-09-28,43,109,130,107,21
2013-09-29,50,108,105,108,12
2013-09-30,55,140,117,116,16
2013-10-01,62,150,123,101,23
2013-10-02,47,161,133,117,30
2013-10-03,53,133,129,120,25
2013-10-04,69,139,148,145,20
2013-10-05,50,114,112,98,11
2013-10-06,36,87,78,90,12
2013-10-07,58,150,121,124,24
2013-10-08,53,121,116,114,19
2013-10-09,42,134,105,103,16
2013-10-10,41,120,122,117,24
2013-10-11,48,142,158,104,21
2013-10-12,51,125,114,118,14
2013-10-13,40,113,101,98,13
2013-10-14,47,106,74,97,10
2013-10-15,66,151,118,110,15
2013-10-16,48,134,131,106,13
2013-10-17,69,126,114,99,19
2013-10-18,64,152,147,128,26
2013-10-19,43,106,112,87,18
2013-10-20,44,95,111,95,18
2013-10-21,57,136,115,140,24
2013-10-22,48,155,101,96,16
2013-10-23,49,122,131,118,23
2013-10-24,46,145,152,121,26
2013-10-25,53,151,124,129,20
2013-10-26,51,130,123,132,16
2013-10-27,52,105,98,107,15
2013-10-28,57,131,126,134,28
2013-10-29,48,129,118,118,26
2013-10-30,39,123,124,119,16
2013-10-31,49,136,124,117,28
2013-11-01,52,162,164,128,35
2013-11-02,50,115,115,115,17
2013-11-03,37,110,88,73,12
2013-11-04,68,154,107,152,28
2013-11-05,41,124,116,90,19
2013-11-06,48,149,135,111,25
2013-11-07,70,145,118,137,24
2013-11-08,56,138,139,153,29
2013-11-09,45,125,138,104,22
2013-11-10,39,119,102,96,15
2013-11-11,38,109,104,99,16
2013-11-12,73,136,136,128,24
2013-11-13,65,139,112,100,17
2013-11-14,63,148,134,108,15
2013-11-15,54,111,147,130,18
2013-11-16,58,127,111,131,31
2013-11-17,42,119,88,95,20
2013-11-18,60,162,111,116,18
2013-11-19,62,154,119,104,17
2013-11-20,53,133,116,119,24
2013-11-21,40,139,140,128,15
2013-11-22,62,149,161,145,17
2013-11-23,49,108,116,123,17
2013-11-24,42,118,99,105,15
2013-11-25,70,174,131,136,23
2013-11-26,73,191,204,161,27
2013-11-27,62,182,122,159,25
2013-11-28,48,95,70,89,14
2013-11-29,43,102,83,98,11
2013-11-30,47,119,96,99,17
2013-12-01,34,89,84,92,8
2013-12-02,56,129,111,101,18
2013-12-03,62,112,125,103,16
2013-12-04,35,138,114,78,21
2013-12-05,55,134,111,115,17
2013-12-06,69,158,170,161,31
2013-12-07,48,137,117,108,20
2013-12-08,31,113,95,99,12
2013-12-09,57,141,114,134,18
2013-12-10,41,123,109,98,53
2013-12-11,60,133,131,127,26
2013-12-12,55,132,149,132,25
2013-12-13,65,136,156,133,24
2013-12-14,65,184,124,153,24
2013-12-15,48,101,94,104,10
2013-12-16,59,147,139,103,22
2013-12-17,66,192,114,169,39
2013-12-18,54,160,141,155,23
2013-12-19,53,161,119,117,18
2013-12-20,55,157,129,125,29
2013-12-21,72,117,95,137,21
2013-12-22,46,110,109,100,15
2013-12-23,64,183,134,123,33
2013-12-24,50,133,81,111,19
2013-12-25,28,66,38,64,8
2013-12-26,40,98,84,84,14
2013-12-27,50,111,101,94,13
2013-12-28,55,92,103,81,12
2013-12-29,39,105,74,77,12
2013-12-30,54,116,98,96,12
2013-12-31,59,117,90,91,13
2014-01-01,37,92,76,89,17
2014-01-02,55,153,91,117,34
2014-01-03,57,93,69,82,17
2014-01-04,40,103,58,88,14
2014-01-05,26,74,43,81,15
2014-01-06,47,144,97,87,17
2014-01-07,44,112,91,100,16
2014-01-08,49,143,99,150,23
2014-01-09,57,114,120,112,26
2014-01-10,74,154,138,143,22
2014-01-11,51,107,90,107,14
2014-01-12,24,112,78,74,10
2014-01-13,62,158,91,113,15
2014-01-14,55,120,115,127,16
2014-01-15,76,118,131,102,28
2014-01-16,37,123,132,93,14
2014-01-17,42,127,130,136,26
2014-01-18,45,110,79,92,22
2014-01-19,34,80,62,84,18
2014-01-20,36,75,68,78,13
2014-01-21,132,254,160,248,49
2014-01-22,34,130,120,102,19
2014-01-23,55,124,135,106,27
2014-01-24,62,149,136,128,28
2014-01-25,47,126,89,94,16
2014-01-26,62,96,71,94,16
2014-01-27,53,112,101,96,17
2014-01-28,56,127,109,90,18
2014-01-29,68,181,117,128,23
2014-01-30,55,168,133,133,26
2014-01-31,63,129,111,126,11
2014-02-01,56,125,86,93,19
2014-02-02,52,99,80,96,14
2014-02-03,107,230,132,250,57
2014-02-04,62,127,112,128,24
2014-02-05,58,118,99,99,12
2014-02-06,48,141,111,104,19
2014-02-07,64,162,130,142,24
2014-02-08,44,89,85,94,16
2014-02-09,55,105,61,114,13
2014-02-10,67,170,140,130,17
2014-02-11,76,139,123,120,27
2014-02-12,74,143,133,112,26
2014-02-13,43,97,65,110,21
2014-02-14,97,168,147,197,36
2014-02-15,74,122,75,117,34
2014-02-16,57,106,79,108,7
2014-02-17,50,121,56,110,16
2014-02-18,51,129,90,116,24
2014-02-19,53,137,120,110,18
2014-02-20,57,106,119,111,26
2014-02-21,41,114,134,125,9
2014-02-22,59,114,101,130,29
2014-02-23,52,88,80,68,17
2014-02-24,62,119,124,114,17
2014-02-25,58,107,100,112,17
2014-02-26,54,105,107,108,19
2014-02-27,39,151,96,112,26
2014-02-28,76,158,129,108,28
2014-03-01,49,103,98,95,17
2014-03-02,41,88,58,66,13
2014-03-03,53,115,83,95,13
2014-03-04,68,112,99,112,10
2014-03-05,55,119,92,100,19
2014-03-06,54,122,112,110,22
2014-03-07,47,125,102,115,17
2014-03-08,52,116,102,105,20
2014-03-09,31,110,74,82,11
2014-03-10,65,117,88,91,23
2014-03-11,42,124,106,105,18
2014-03-12,47,127,108,103,15
2014-03-13,53,129,103,97,25
2014-03-14,57,155,123,99,19
2014-03-15,33,120,106,108,13
2014-03-16,29,97,94,96,10
2014-03-17,48,128,113,105,13
2014-03-18,54,116,115,116,17
2014-03-19,44,137,107,98,16
2014-03-20,48,132,127,124,28
2014-03-21,70,138,113,105,21
2014-03-22,56,112,95,87,20
2014-03-23,38,104,92,83,8
2014-03-24,45,125,92,116,15
2014-03-25,57,107,93,107,17
2014-03-26,59,135,109,109,19
2014-03-27,57,120,114,106,21
2014-03-28,57,130,104,98,22
2014-03-29,66,124,119,136,18
2014-03-30,36,106,90,85,15
2014-03-31,50,126,103,123,16
2014-04-01,48,124,116,113,20
2014-04-02,44,126,116,101,15
2014-04-03,62,134,119,111,19
2014-04-04,57,161,121,115,17
2014-04-05,49,147,116,106,18
2014-04-06,37,110,106,95,14
2014-04-07,47,135,85,108,17
2014-04-08,59,149,127,109,21
2014-04-09,71,146,109,109,24
2014-04-10,49,165,144,123,26
2014-04-11,70,138,149,106,20
2014-04-12,56,115,108,122,20
2014-04-13,50,112,96,101,13
2014-04-14,45,129,104,96,9
2014-04-15,40,102,100,102,16
2014-04-16,64,123,122,97,15
2014-04-17,49,99,118,87,17
2014-04-18,49,117,97,89,15
2014-04-19,64,107,105,114,14
2014-04-20,35,93,82,82,7
2014-04-21,52,107,83,119,13
2014-04-22,45,87,99,99,12
2014-04-23,37,119,134,114,17
2014-04-24,46,140,142,98,17
2014-04-25,58,145,136,110,22
2014-04-26,51,115,119,122,16
2014-04-27,39,100,86,87,11
2014-04-28,55,153,107,114,19
2014-04-29,46,113,117,135,16
2014-04-30,54,156,152,118,21
2014-05-01,70,172,123,108,15
2014-05-02,72,141,134,146,25
2014-05-03,51,127,141,106,22
2014-05-04,44,112,96,92,10
2014-05-05,56,159,115,121,18
2014-05-06,53,131,127,101,18
2014-05-07,60,130,145,110,19
2014-05-08,50,138,132,115,20
2014-05-09,63,137,115,115,10
2014-05-10,50,96,119,131,8
2014-05-11,46,123,94,128,19
2014-05-12,47,141,140,101,14
2014-05-13,41,133,114,99,20
2014-05-14,45,145,148,112,17
2014-05-15,55,160,140,97,26
2014-05-16,63,154,150,140,28
2014-05-17,55,141,133,113,18
2014-05-18,49,116,114,88,18
2014-05-19,46,127,110,131,15
2014-05-20,55,161,133,107,16
2014-05-21,50,123,131,97,15
2014-05-22,44,145,132,105,20
2014-05-23,64,138,138,134,22
2014-05-24,58,113,97,101,16
2014-05-25,54,122,79,89,13
2014-05-26,42,127,59,82,14
2014-05-27,61,140,123,118,19
2014-05-28,60,126,109,112,8
2014-05-29,52,156,153,125,16
2014-05-30,70,130,147,133,10
2014-05-31,60,140,125,118,18
2014-06-01,56,128,122,110,26
2014-06-02,64,170,104,135,17
2014-06-03,57,168,137,126,17
2014-06-04,54,110,130,112,28
2014-06-05,54,133,123,109,23
2014-06-06,57,162,180,131,28
2014-06-07,58,136,127,135,18
2014-06-08,47,126,99,105,22
2014-06-09,42,126,105,100,15
2014-06-10,40,148,108,111,23
2014-06-11,48,123,135,109,21
2014-06-12,50,127,122,101,33
2014-06-13,72,158,156,140,29
2014-06-14,78,143,115,121,21
2014-06-15,50,136,76,94,9
2014-06-16,53,132,119,142,25
2014-06-17,58,179,133,125,19
2014-06-18,59,157,143,124,27
2014-06-19,60,155,142,119,25
2014-06-20,74,185,159,139,26
2014-06-21,65,105,97,132,14
2014-06-22,50,111,85,100,11
2014-06-23,73,159,109,121,31
2014-06-24,65,149,128,122,18
2014-06-25,65,153,122,135,19
2014-06-26,64,158,129,128,21
2014-06-27,66,142,139,130,20
2014-06-28,64,124,123,133,13
2014-06-29,58,109,109,113,14
2014-06-30,46,135,140,124,16
2014-07-01,65,154,111,133,15
2014-07-02,56,153,144,122,20
2014-07-03,63,198,131,123,28
2014-07-04,39,82,65,72,14
2014-07-05,60,126,78,102,15
2014-07-06,44,96,79,100,15
2014-07-07,67,143,117,121,24
2014-07-08,50,135,128,127,23
2014-07-09,64,132,106,107,22
2014-07-10,46,142,122,111,24
2014-07-11,60,148,123,126,18
2014-07-12,67,126,96,107,17
2014-07-13,50,99,99,77,7
2014-07-14,58,117,116,126,18
2014-07-15,46,128,126,119,12
2014-07-16,59,127,119,96,16
2014-07-17,50,133,150,113,22
2014-07-18,48,147,132,115,11
2014-07-19,39,102,102,103,15
2014-07-20,45,113,67,91,9
2014-07-21,46,129,110,118,15
2014-07-22,59,152,120,112,14
2014-07-23,53,135,125,113,22
2014-07-24,57,118,122,101,20
2014-07-25,73,146,127,119,21
2014-07-26,57,120,101,106,10
2014-07-27,50,104,90,99,11
2014-07-28,42,147,116,124,15
2014-07-29,50,136,102,104,16
2014-07-30,49,133,130,128,16
2014-07-31,50,148,146,113,21
2014-08-01,57,159,162,125,23
2014-08-02,49,110,106,97,19
2014-08-03,40,123,95,82,11
2014-08-04,59,125,99,133,27
2014-08-05,47,149,126,116,20
2014-08-06,55,120,116,117,15
2014-08-07,58,137,133,100,14
2014-08-08,54,140,124,124,22
2014-08-09,54,108,106,116,12
2014-08-10,42,101,99,116,15
2014-08-11,48,153,118,127,22
2014-08-12,41,110,101,104,24
2014-08-13,59,139,119,120,13
2014-08-14,61,145,144,107,20
2014-08-15,54,102,100,101,20
2014-08-16,44,112,106,98,10
2014-08-17,41,126,90,89,10
2014-08-18,56,150,118,122,12
2014-08-19,51,123,109,86,9
2014-08-20,54,117,111,121,18
2014-08-21,45,125,125,96,18
2014-08-22,61,122,142,85,10
2014-08-23,52,91,109,89,9
2014-08-24,42,98,76,91,11
2014-08-25,47,121,102,117,16
2014-08-26,66,137,126,138,22
2014-08-27,53,127,103,95,15
2014-08-28,57,133,145,107,15
2014-08-29,56,153,103,137,21
2014-08-30,55,122,88,110,12
2014-08-31,52,127,83,91,20
2014-09-01,35,128,59,80,10
2014-09-02,69,189,122,116,21
2014-09-03,64,125,117,97,24
2014-09-04,69,178,130,149,22
2014-09-05,58,143,133,140,29
2014-09-06,53,134,114,123,14
2014-09-07,53,115,91,88,5
2014-09-08,64,160,104,125,20
2014-09-09,50,137,125,116,16
2014-09-10,65,132,119,116,17
2014-09-11,49,138,124,128,27
2014-09-12,71,172,133,157,22
2014-09-13,50,127,109,103,22
2014-09-14,49,121,99,112,18
2014-09-15,59,154,108,119,22
2014-09-16,68,143,127,113,19
2014-09-17,60,154,126,131,18
2014-09-18,51,152,149,119,19
2014-09-19,54,134,128,130,20
2014-09-20,62,126,121,119,18
2014-09-21,38,92,127,93,15
2014-09-22,74,163,104,141,26
2014-09-23,60,139,137,113,19
2014-09-24,52,130,140,105,22
2014-09-25,58,122,108,89,9
2014-09-26,77,127,135,121,15
2014-09-27,55,136,132,118,19
2014-09-28,45,127,96,103,12
2014-09-29,51,134,112,112,20
2014-09-30,49,131,124,137,15
2014-10-01,53,136,103,121,25
2014-10-02,48,129,116,108,20
2014-10-03,78,165,131,164,21
2014-10-04,57,128,100,109,16
2014-10-05,38,115,107,104,15
2014-10-06,67,161,114,136,14
2014-10-07,59,145,118,134,26
2014-10-08,63,137,133,106,27
2014-10-09,37,107,123,100,16
2014-10-10,57,112,117,97,19
2014-10-11,54,125,116,105,16
2014-10-12,39,108,101,98,13
2014-10-13,44,99,88,88,20
2014-10-14,55,150,133,146,22
2014-10-15,57,118,111,120,25
2014-10-16,51,128,106,130,17
2014-10-17,56,137,146,139,18
2014-10-18,52,100,97,91,18
2014-10-19,36,122,86,102,11
2014-10-20,56,157,118,111,18
2014-10-21,55,156,113,132,27
2014-10-22,57,169,143,149,30
2014-10-23,50,158,141,132,21
2014-10-24,49,173,128,132,24
2014-10-25,52,121,108,96,12
2014-10-26,54,129,112,89,17
2014-10-27,62,159,120,114,22
2014-10-28,50,146,118,104,23
2014-10-29,50,120,119,117,17
2014-10-30,51,150,147,126,16
2014-10-31,52,162,138,155,20
2014-11-01,70,153,150,128,12
2014-11-02,51,142,109,98,12
2014-11-03,59,147,100,135,23
2014-11-04,33,124,102,100,27
2014-11-05,55,116,114,115,23
2014-11-06,63,147,135,132,12
2014-11-07,54,164,128,134,17
2014-11-08,51,129,110,118,13
2014-11-09,34,95,94,85,10
2014-11-10,60,117,107,125,26
2014-11-11,43,112,107,96,18
2014-11-12,42,152,109,106,15
2014-11-13,67,157,157,131,23
2014-11-14,58,149,127,133,22
2014-11-15,49,108,112,112,15
2014-11-16,40,95,92,102,7
2014-11-17,60,156,133,141,22
2014-11-18,77,163,146,134,23
2014-11-19,48,156,130,119,25
2014-11-20,56,154,150,105,18
2014-11-21,69,139,141,143,15
2014-11-22,50,114,103,89,20
2014-11-23,36,100,77,97,6
2014-11-24,56,172,139,160,14
2014-11-25,55,123,128,110,23
2014-11-26,70,191,136,161,24
2014-11-27,40,84,54,76,14
2014-11-28,59,105,82,84,11
2014-11-29,47,85,78,82,12
2014-11-30,31,77,79,82,12
2014-12-01,58,171,123,108,22
2014-12-02,59,115,131,110,15
2014-12-03,50,142,104,99,16
2014-12-04,54,129,149,101,20
2014-12-05,62,135,164,138,21
2014-12-06,64,144,148,124,18
2014-12-07,41,111,108,98,17
2014-12-08,59,145,108,104,19
2014-12-09,53,172,123,141,16
2014-12-10,70,145,144,120,16
2014-12-11,58,158,144,136,10
2014-12-12,65,132,160,128,15
2014-12-13,55,133,124,115,20
2014-12-14,47,98,81,84,6
2014-12-15,67,175,121,145,21
2014-12-16,57,146,134,137,12
2014-12-17,58,125,119,94,12
2014-12-18,63,143,130,109,16
2014-12-19,68,138,150,129,15
2014-12-20,49,112,96,115,15
2014-12-21,41,102,75,89,10
2014-12-22,49,122,117,121,10
2014-12-23,62,180,139,148,28
2014-12-24,52,139,86,116,15
2014-12-25,33,78,39,64,17
2014-12-26,38,109,76,88,19
2014-12-27,38,104,82,82,13
2014-12-28,32,82,55,73,10
2014-12-29,30,100,79,91,9
2014-12-30,42,122,109,87,12
2014-12-31,56,114,77,103,14
2015-01-01,35,95,65,84,15
2015-01-02,49,102,87,87,14
2015-01-03,49,113,97,93,10
2015-01-04,35,113,57,54,11
2015-01-05,51,124,71,116,22
2015-01-06,91,179,100,186,32
2015-01-07,44,136,95,130,15
2015-01-08,55,146,128,117,23
2015-01-09,96,161,141,157,31
2015-01-10,44,119,84,119,18
2015-01-11,27,90,63,75,11
2015-01-12,62,156,99,106,16
2015-01-13,67,124,124,140,20
2015-01-14,49,104,105,111,19
2015-01-15,48,119,126,116,15
2015-01-16,49,128,114,98,16
2015-01-17,53,102,94,104,24
2015-01-18,181,193,88,185,45
2015-01-19,67,144,58,98,10
2015-01-20,34,131,96,96,16
2015-01-21,56,121,91,103,22
2015-01-22,58,115,98,110,13
2015-01-23,43,144,137,113,19
2015-01-24,50,104,79,100,14
2015-01-25,27,107,73,96,9
2015-01-26,58,134,70,105,14
2015-01-27,11,58,24,53,7
2015-01-28,46,112,83,105,11
2015-01-29,52,131,93,106,24
2015-01-30,67,141,122,137,24
2015-01-31,50,117,113,117,12
2015-02-01,34,91,65,87,10
2015-02-02,60,176,79,174,31
2015-02-03,66,247,120,127,25
2015-02-04,57,166,107,107,14
2015-02-05,75,112,115,119,15
2015-02-06,64,151,142,124,21
2015-02-07,50,111,81,90,10
2015-02-08,22,124,68,81,11
2015-02-09,52,151,90,127,14
2015-02-10,54,134,111,114,17
2015-02-11,73,139,102,112,14
2015-02-12,50,149,88,116,18
2015-02-13,71,172,175,131,27
2015-02-14,50,83,100,91,20
2015-02-15,40,123,95,77,21
2015-02-16,30,104,88,78,13
2015-02-17,66,140,107,130,25
2015-02-18,57,141,119,127,20
2015-02-19,54,111,112,100,12
2015-02-20,65,138,146,115,17
2015-02-21,64,131,87,113,14
2015-02-22,44,127,78,122,14
2015-02-23,67,136,109,98,11
2015-02-24,34,96,77,76,10
2015-02-25,10,15,14,18,1
2015-02-26,13,21,18,15,3
2015-02-27,51,93,77,84,15
2015-02-28,62,116,100,123,17
2015-03-01,76,171,98,169,29
2015-03-02,68,167,119,131,18
2015-03-03,78,178,95,134,14
2015-03-04,68,164,111,115,10
2015-03-05,97,214,121,208,35
2015-03-06,96,178,209,196,36
2015-03-07,62,133,131,110,19
2015-03-08,43,125,84,84,11
2015-03-09,70,165,121,128,11
2015-03-10,63,133,111,117,14
2015-03-11,62,146,116,97,9
2015-03-12,58,141,112,115,22
2015-03-13,56,151,112,122,13
2015-03-14,57,96,120,106,15
2015-03-15,51,123,90,89,11
2015-03-16,36,128,108,109,17
2015-03-17,46,131,100,95,18
2015-03-18,44,118,109,119,12
2015-03-19,44,153,101,106,11
2015-03-20,86,129,93,123,14
2015-03-21,51,120,85,103,17
2015-03-22,31,103,96,87,5
2015-03-23,66,153,110,118,15
2015-03-24,58,128,119,127,18
2015-03-25,45,141,104,112,14
2015-03-26,59,139,91,94,16
2015-03-27,52,125,105,107,12
2015-03-28,46,109,89,93,21
2015-03-29,49,114,95,100,14
2015-03-30,53,134,116,102,20
2015-03-31,52,152,125,115,22
2015-04-01,62,142,142,108,18
2015-04-02,58,128,161,134,11
2015-04-03,36,109,97,79,13
2015-04-04,42,107,97,110,14
2015-04-05,50,78,83,80,12
2015-04-06,61,121,97,80,15
2015-04-07,45,94,126,76,12
2015-04-08,44,127,108,71,8
2015-04-09,37,109,104,86,13
2015-04-10,56,100,100,104,11
2015-04-11,53,126,127,110,18
2015-04-12,60,106,91,64,11
2015-04-13,56,130,112,131,14
2015-04-14,51,136,107,99,13
2015-04-15,53,161,117,105,20
2015-04-16,53,123,112,114,18
2015-04-17,66,149,151,137,15
2015-04-18,73,133,121,111,10
2015-04-19,49,117,87,68,17
2015-04-20,61,147,136,117,26
2015-04-21,38,162,131,133,20
2015-04-22,47,136,116,88,20
2015-04-23,56,136,134,111,20
2015-04-24,61,171,151,124,16
2015-04-25,60,132,116,106,8
2015-04-26,55,123,86,83,18
2015-04-27,60,148,105,111,12
2015-04-28,60,117,130,134,18
2015-04-29,57,156,137,126,23
2015-04-30,63,145,139,127,12
2015-05-01,63,141,149,117,15
2015-05-02,51,118,95,102,19
2015-05-03,59,132,117,88,14
2015-05-04,62,173,102,134,21
2015-05-05,56,152,125,121,28
2015-05-06,46,135,126,124,16
2015-05-07,80,151,126,128,25
2015-05-08,74,156,132,132,30
2015-05-09,52,118,103,113,24
2015-05-10,51,147,93,108,18
2015-05-11,51,163,135,132,22
2015-05-12,76,165,133,109,23
2015-05-13,51,163,135,120,24
2015-05-14,59,151,145,123,22
2015-05-15,70,148,191,126,19
2015-05-16,58,153,157,97,19
2015-05-17,53,113,102,114,12
2015-05-18,51,130,116,129,20
2015-05-19,56,148,117,109,19
2015-05-20,62,150,139,126,26
2015-05-21,59,126,128,120,17
2015-05-22,76,182,138,128,19
2015-05-23,62,137,89,96,14
2015-05-24,41,110,84,106,13
2015-05-25,44,115,51,99,12
2015-05-26,66,155,140,138,22
2015-05-27,61,158,151,121,25
2015-05-28,66,162,152,115,27
2015-05-29,80,193,148,154,35
2015-05-30,45,145,132,121,16
2015-05-31,56,128,128,91,14
2015-06-01,84,160,127,156,18
2015-06-02,57,159,126,136,17
2015-06-03,59,158,149,123,12
2015-06-04,53,129,125,101,10
2015-06-05,74,159,143,119,18
2015-06-06,65,135,108,129,21
2015-06-07,59,127,94,109,16
2015-06-08,53,144,129,131,11
2015-06-09,52,163,120,136,15
2015-06-10,61,147,136,136,28
2015-06-11,57,137,125,148,17
2015-06-12,37,94,111,89,15
2015-06-13,45,88,69,72,17
2015-06-14,52,127,104,126,16
2015-06-15,45,100,113,85,18
2015-06-16,56,142,122,121,14
2015-06-17,62,172,139,135,13
2015-06-18,53,147,124,125,10
2015-06-19,86,170,146,134,25
2015-06-20,58,104,82,98,13
2015-06-21,56,180,109,96,24
2015-06-22,86,183,140,148,24
2015-06-23,68,178,115,133,14
2015-06-24,80,172,154,149,25
2015-06-25,75,147,145,117,18
2015-06-26,79,162,175,155,17
2015-06-27,51,129,124,121,12
2015-06-28,50,121,106,109,18
2015-06-29,59,148,131,138,18
2015-06-30,59,140,137,105,18
2015-07-01,60,154,169,147,19
2015-07-02,47,124,123,119,21
2015-07-03,63,136,84,103,20
2015-07-04,39,103,82,76,12
2015-07-05,58,112,56,102,13
2015-07-06,58,138,104,131,11
2015-07-07,67,142,154,115,18
2015-07-08,51,167,122,121,26
2015-07-09,61,155,102,103,9
2015-07-10,77,157,151,127,18
2015-07-11,59,128,100,108,15
2015-07-12,45,107,103,108,13
2015-07-13,64,164,119,139,12
2015-07-14,81,149,136,115,18
2015-07-15,52,154,139,116,24
2015-07-16,68,135,151,123,21
2015-07-17,59,141,144,118,22
2015-07-18,53,125,136,103,14
2015-07-19,55,119,107,111,15
2015-07-20,72,183,170,124,26
2015-07-21,56,155,127,126,17
2015-07-22,65,120,133,142,14
2015-07-23,54,153,121,128,13
2015-07-24,48,99,92,107,12
2015-07-25,48,88,87,102,15
2015-07-26,51,119,91,128,13
2015-07-27,51,146,142,114,19
2015-07-28,67,143,135,131,16
2015-07-29,54,142,140,121,20
2015-07-30,53,180,152,130,15
2015-07-31,85,150,170,144,21
2015-08-01,67,139,130,139,16
2015-08-02,55,125,105,110,15
2015-08-03,94,157,126,132,21
2015-08-04,60,160,138,116,19
2015-08-05,50,180,112,92,23
2015-08-06,57,154,133,119,13
2015-08-07,85,168,151,125,17
2015-08-08,47,114,89,120,15
2015-08-09,49,109,87,108,10
2015-08-10,78,146,100,125,16
2015-08-11,61,147,138,111,10
2015-08-12,47,139,158,121,22
2015-08-13,73,158,148,155,15
2015-08-14,79,182,165,113,20
2015-08-15,65,124,110,122,9
2015-08-16,55,130,95,103,17
2015-08-17,56,152,124,111,18
2015-08-18,67,150,122,121,13
2015-08-19,60,128,127,113,8
2015-08-20,51,141,121,126,20
2015-08-21,70,170,137,152,21
2015-08-22,53,138,107,119,14
2015-08-23,54,111,77,109,17
2015-08-24,53,138,114,137,11
2015-08-25,42,155,123,101,12
2015-08-26,57,153,122,100,27
2015-08-27,65,139,119,124,20
2015-08-28,43,139,117,108,27
2015-08-29,68,103,114,99,18
2015-08-30,58,136,93,113,11
2015-08-31,59,167,105,120,13
2015-09-01,76,175,124,104,15
2015-09-02,51,158,120,122,19
2015-09-03,61,161,130,136,19
2015-09-04,61,158,134,126,15
2015-09-05,56,145,79,117,16
2015-09-06,50,125,75,119,16
2015-09-07,41,151,78,101,6
2015-09-08,72,178,154,147,19
2015-09-09,65,177,156,161,23
2015-09-10,71,163,144,149,20
2015-09-11,90,169,143,162,16
2015-09-12,61,116,112,137,18
2015-09-13,42,111,91,111,10
2015-09-14,59,144,104,112,17
2015-09-15,54,110,135,122,16
2015-09-16,58,199,152,140,11
2015-09-17,70,168,143,141,21
2015-09-18,56,181,150,144,28
2015-09-19,64,139,144,119,15
2015-09-20,53,144,102,101,9
2015-09-21,64,163,114,124,16
2015-09-22,60,140,116,113,20
2015-09-23,53,95,94,91,30
2015-09-24,66,157,95,140,14
2015-09-25,65,142,96,110,16
2015-09-26,38,129,123,112,14
2015-09-27,42,109,111,99,14
2015-09-28,48,129,140,122,12
2015-09-29,49,108,144,114,21
2015-09-30,55,141,136,111,28
2015-10-01,71,155,145,138,17
2015-10-02,59,175,160,186,21
2015-10-03,63,126,110,107,12
2015-10-04,44,117,116,115,10
2015-10-05,52,136,116,127,26
2015-10-06,75,115,153,115,17
2015-10-07,61,163,136,135,15
2015-10-08,68,156,148,129,10
2015-10-09,68,182,146,136,35
2015-10-10,79,141,134,115,23
2015-10-11,52,127,116,115,11
2015-10-12,43,114,81,116,15
2015-10-13,71,176,135,127,21
2015-10-14,70,162,129,117,19
2015-10-15,60,178,135,112,20
2015-10-16,59,159,141,140,24
2015-10-17,60,125,111,127,19
2015-10-18,51,133,107,97,15
2015-10-19,64,155,139,135,21
2015-10-20,63,189,139,141,15
2015-10-21,65,171,140,138,14
2015-10-22,66,177,126,129,24
2015-10-23,62,168,173,144,19
2015-10-24,60,97,119,97,15
2015-10-25,43,131,101,100,19
2015-10-26,73,178,133,143,16
2015-10-27,49,170,122,130,8
2015-10-28,60,148,146,146,21
2015-10-29,70,187,143,146,26
2015-10-30,55,149,139,138,22
2015-10-31,30,75,84,70,11
2015-11-01,44,89,53,52,3
2015-11-02,56,151,116,110,13
2015-11-03,60,169,130,121,15
2015-11-04,71,153,126,137,12
2015-11-05,63,160,148,120,23
2015-11-06,51,133,136,117,23
2015-11-07,54,105,120,96,18
2015-11-08,35,114,94,103,12
2015-11-09,68,155,117,123,20
2015-11-10,70,174,149,155,29
2015-11-11,46,123,115,102,23
2015-11-12,65,152,121,126,18
2015-11-13,78,152,141,140,14
2015-11-14,70,119,148,110,18
2015-11-15,53,110,95,83,17
2015-11-16,49,155,118,124,23
2015-11-17,67,160,129,151,22
2015-11-18,56,142,144,116,26
2015-11-19,74,204,160,159,25
2015-11-20,83,200,163,136,28
2015-11-21,61,137,118,121,23
2015-11-22,45,82,86,100,11
2015-11-23,62,183,129,128,22
2015-11-24,65,180,139,126,23
2015-11-25,66,170,124,158,20
2015-11-26,50,84,52,84,12
2015-11-27,51,122,84,85,18
2015-11-28,58,118,82,101,20
2015-11-29,47,97,89,96,12
2015-11-30,70,143,119,124,13
2015-12-01,72,190,133,140,25
2015-12-02,82,140,118,130,15
2015-12-03,63,143,136,110,17
2015-12-04,61,156,159,113,18
2015-12-05,69,136,149,112,15
2015-12-06,43,106,90,95,20
2015-12-07,60,149,129,135,26
2015-12-08,65,117,129,113,19
2015-12-09,52,139,127,95,24
2015-12-10,78,144,135,121,20
2015-12-11,77,150,156,131,19
2015-12-12,45,121,118,105,17
2015-12-13,45,126,127,87,15
2015-12-14,46,154,110,130,14
2015-12-15,74,186,168,132,23
2015-12-16,61,180,132,131,24
2015-12-17,69,152,151,152,32
2015-12-18,89,185,134,159,15
2015-12-19,65,169,105,111,22
2015-12-20,43,131,89,107,19
2015-12-21,62,159,107,122,20
2015-12-22,55,169,109,134,26
2015-12-23,76,202,132,170,23
2015-12-24,72,147,87,133,23
2015-12-25,33,65,58,87,4
2015-12-26,54,71,78,89,9
2015-12-27,55,123,105,96,12
2015-12-28,50,124,86,96,10
2015-12-29,54,117,109,115,20
2015-12-30,44,113,116,80,15
2015-12-31,69,127,90,97,14
2016-01-01,43,98,67,97,9
2016-01-02,43,105,77,99,7
2016-01-03,50,103,74,83,13
2016-01-04,56,151,94,127,23
2016-01-05,73,181,86,132,16
2016-01-06,63,169,102,123,18
2016-01-07,63,137,101,111,11
2016-01-08,83,150,104,148,19
2016-01-09,54,136,108,110,23
2016-01-10,41,126,63,87,15
2016-01-11,75,177,120,138,27
2016-01-12,62,151,136,121,20
2016-01-13,49,143,125,121,17
2016-01-14,63,135,128,126,15
2016-01-15,68,149,151,134,29
2016-01-16,54,115,99,126,24
2016-01-17,53,101,79,85,11
2016-01-18,53,143,65,87,15
2016-01-19,65,160,120,136,14
2016-01-20,61,143,120,132,22
2016-01-21,56,177,139,132,18
2016-01-22,62,168,139,137,25
2016-01-23,48,102,55,112,20
2016-01-24,69,112,49,148,35
2016-01-25,57,179,109,157,24
2016-01-26,82,171,121,189,24
2016-01-27,77,158,119,145,28
2016-01-28,69,161,118,148,23
2016-01-29,72,163,116,125,26
2016-01-30,61,121,121,130,25
2016-01-31,53,149,75,108,18
2016-02-01,74,174,113,150,26
2016-02-02,59,186,138,149,36
2016-02-03,62,160,109,108,21
2016-02-04,62,149,114,108,21
2016-02-05,58,137,123,133,28
2016-02-06,66,128,116,106,20
2016-02-07,40,107,70,92,9
2016-02-08,51,125,97,94,13
2016-02-09,59,141,107,117,10
2016-02-10,56,123,111,102,20
2016-02-11,59,151,133,117,13
2016-02-12,63,142,141,115,20
2016-02-13,51,115,95,84,15
2016-02-14,23,73,78,52,3
2016-02-15,30,86,52,42,15
2016-02-16,85,134,110,129,23
2016-02-17,52,117,134,97,11
2016-02-18,65,136,115,100,16
2016-02-19,49,106,140,88,13
2016-02-20,50,128,115,110,21
2016-02-21,44,128,101,92,14
2016-02-22,70,124,107,125,23
2016-02-23,69,133,147,110,23
2016-02-24,47,149,146,122,27
2016-02-25,78,155,123,121,13
2016-02-26,45,85,108,89,20
2016-02-27,47,105,61,78,11
2016-02-28,61,125,94,91,10
2016-02-29,66,134,93,123,27
2016-03-01,68,165,125,114,22
2016-03-02,56,130,123,149,18
2016-03-03,64,160,124,116,13
2016-03-04,70,160,140,124,17
2016-03-05,75,117,119,128,19
2016-03-06,58,105,85,107,8
2016-03-07,45,153,104,106,23
2016-03-08,67,146,116,117,14
2016-03-09,76,149,110,133,17
2016-03-10,57,160,113,110,19
2016-03-11,71,157,128,111,22
2016-03-12,69,125,130,130,23
2016-03-13,31,111,92,78,10
2016-03-14,70,156,125,111,16
2016-03-15,48,141,118,124,15
2016-03-16,52,159,122,125,18
2016-03-17,52,127,122,122,17
2016-03-18,61,136,117,152,26
2016-03-19,53,117,99,107,14
2016-03-20,45,122,68,90,22
2016-03-21,62,173,95,120,17
2016-03-22,58,154,116,124,17
2016-03-23,65,140,109,119,28
2016-03-24,65,129,115,123,19
2016-03-25,52,135,97,112,13
2016-03-26,57,115,105,121,16
2016-03-27,48,105,64,94,12
2016-03-28,63,173,112,128,26
2016-03-29,63,162,123,145,24
2016-03-30,56,158,125,136,16
2016-03-31,56,159,136,124,20
2016-04-01,84,174,144,127,16
2016-04-02,70,126,124,119,11
2016-04-03,62,132,117,134,12
2016-04-04,70,166,143,132,14
2016-04-05,66,152,147,127,24
2016-04-06,62,167,122,109,18
2016-04-07,65,153,115,126,17
2016-04-08,73,154,122,149,16
2016-04-09,55,122,111,131,13
2016-04-10,63,128,84,92,15
2016-04-11,75,166,113,106,21
2016-04-12,67,151,105,130,30
2016-04-13,62,152,126,122,31
2016-04-14,56,179,115,133,21
2016-04-15,59,172,153,132,21
2016-04-16,76,161,123,149,14
2016-04-17,62,147,93,94,11
2016-04-18,86,192,115,126,18
2016-04-19,76,197,147,125,21
2016-04-20,78,161,122,150,25
2016-04-21,70,156,141,126,24
2016-04-22,70,146,166,159,19
2016-04-23,78,150,113,127,15
2016-04-24,49,95,71,87,13
2016-04-25,53,131,94,92,10
2016-04-26,47,113,100,92,9
2016-04-27,56,122,94,92,19
2016-04-28,56,112,101,82,11
2016-04-29,55,110,104,102,17
2016-04-30,61,145,115,107,15
2016-05-01,46,116,85,96,11
2016-05-02,49,154,137,104,22
2016-05-03,69,175,125,127,19
2016-05-04,61,165,116,136,23
2016-05-05,61,153,117,122,28
2016-05-06,70,174,115,154,15
2016-05-07,73,133,89,142,15
2016-05-08,68,131,82,120,12
2016-05-09,83,144,100,122,28
2016-05-10,73,171,102,117,16
2016-05-11,75,167,132,117,27
2016-05-12,74,153,143,146,29
2016-05-13,71,160,143,146,27
2016-05-14,64,107,108,125,26
2016-05-15,51,101,105,105,12
2016-05-16,80,177,132,127,28
2016-05-17,63,138,135,118,17
2016-05-18,53,145,142,124,14
2016-05-19,60,135,138,106,16
2016-05-20,77,130,138,135,29
2016-05-21,44,113,99,101,7
2016-05-22,53,111,77,115,11
2016-05-23,59,142,92,108,20
2016-05-24,69,151,101,125,23
2016-05-25,74,148,108,112,18
2016-05-26,69,138,123,114,28
2016-05-27,81,150,129,120,18
2016-05-28,65,125,76,126,24
2016-05-29,51,118,68,109,18
2016-05-30,51,95,55,84,12
2016-05-31,68,161,114,138,17
2016-06-01,72,146,107,119,28
2016-06-02,59,134,97,110,26
2016-06-03,59,152,114,124,16
2016-06-04,57,115,93,121,16
2016-06-05,47,91,65,84,5
2016-06-06,67,160,102,117,24
2016-06-07,57,135,99,126,24
2016-06-08,58,122,104,132,25
2016-06-09,44,136,95,111,12
2016-06-10,57,122,94,139,22
2016-06-11,42,77,62,50,11
2016-06-12,62,99,68,81,20
2016-06-13,58,70,80,135,24
2016-06-14,39,57,62,51,5
2016-06-15,60,141,114,78,16
2016-06-16,54,128,121,108,25
2016-06-17,72,167,103,118,19
2016-06-18,65,128,108,127,15
2016-06-19,49,123,64,102,20
2016-06-20,67,153,112,133,25
2016-06-21,65,134,100,116,25
2016-06-22,56,152,111,133,26
2016-06-23,58,143,97,104,12
2016-06-24,73,140,117,139,16
2016-06-25,51,129,103,133,19
2016-06-26,59,115,84,96,22
2016-06-27,65,132,112,122,16
2016-06-28,47,133,105,120,28
2016-06-29,53,119,125,123,24
2016-06-30,71,154,131,128,16
2016-07-01,75,144,122,121,15
2016-07-02,56,133,58,129,17
2016-07-03,49,99,66,78,13
2016-07-04,52,105,64,84,18
2016-07-05,52,143,86,113,18
2016-07-06,59,125,100,131,15
2016-07-07,65,116,99,107,17
2016-07-08,54,124,97,109,22
2016-07-09,58,109,79,88,13
2016-07-10,48,101,73,81,23
2016-07-11,59,127,85,110,16
2016-07-12,63,113,106,121,23
2016-07-13,60,119,105,103,22
2016-07-14,83,136,114,116,40
2016-07-15,81,129,145,127,22
2016-07-16,65,116,82,124,22
2016-07-17,59,127,66,110,10
2016-07-18,81,145,107,124,25
2016-07-19,54,135,114,115,15
2016-07-20,71,132,106,126,22
2016-07-21,61,124,139,117,19
2016-07-22,70,155,116,129,23
2016-07-23,65,127,90,115,9
2016-07-24,59,114,81,119,9
2016-07-25,60,148,105,141,20
2016-07-26,63,134,115,110,18
2016-07-27,59,137,125,103,13
2016-07-28,67,142,122,105,23
2016-07-29,64,135,110,147,19
2016-07-30,71,87,96,101,17
2016-07-31,50,115,73,91,10
2016-08-01,59,102,75,106,16
2016-08-02,60,122,87,96,17
2016-08-03,64,131,111,118,13
2016-08-04,66,145,119,129,13
2016-08-05,66,130,96,118,28
2016-08-06,57,96,69,120,16
2016-08-07,48,97,66,91,17
2016-08-08,50,125,80,118,18
2016-08-09,61,126,84,110,13
2016-08-10,55,92,96,95,24
2016-08-11,61,121,89,97,19
2016-08-12,65,129,118,106,27
2016-08-13,56,113,85,132,18
2016-08-14,52,97,80,90,15
2016-08-15,65,123,83,110,18
2016-08-16,57,132,102,126,13
2016-08-17,60,124,115,101,17
2016-08-18,62,122,88,108,9
2016-08-19,69,144,117,106,21
2016-08-20,53,96,98,98,16
2016-08-21,51,93,90,80,14
2016-08-22,59,125,89,103,18
2016-08-23,44,127,98,112,12
2016-08-24,61,126,79,96,17
2016-08-25,56,119,99,114,14
2016-08-26,58,144,107,131,21
2016-08-27,41,141,90,96,13
2016-08-28,56,93,75,93,10
2016-08-29,61,127,89,119,16
2016-08-30,55,136,71,106,17
2016-08-31,57,117,91,117,16
2016-09-01,65,128,89,100,20
2016-09-02,79,128,97,113,19
2016-09-03,51,100,82,66,14
2016-09-04,48,109,43,91,8
2016-09-05,40,106,53,62,8
2016-09-06,58,123,94,101,15
2016-09-07,56,111,96,114,17
2016-09-08,66,133,96,124,21
2016-09-09,70,135,120,120,20
2016-09-10,50,110,103,100,11
2016-09-11,54,100,72,116,11
2016-09-12,64,129,96,103,12
2016-09-13,75,132,106,148,25
2016-09-14,50,146,126,105,13
2016-09-15,68,145,103,118,20
2016-09-16,72,140,114,111,19
2016-09-17,53,113,92,123,21
2016-09-18,47,94,76,102,14
2016-09-19,61,133,90,125,20
2016-09-20,60,128,86,111,23
2016-09-21,64,107,91,103,25
2016-09-22,57,136,99,104,15
2016-09-23,62,131,102,143,38
2016-09-24,62,105,82,123,17
2016-09-25,45,105,75,107,15
2016-09-26,52,121,86,118,18
2016-09-27,68,131,83,109,19
2016-09-28,62,120,76,112,13
2016-09-29,47,136,88,101,10
2016-09-30,67,161,126,147,32
2016-10-01,60,107,91,111,19
2016-10-02,37,95,69,103,10
2016-10-03,57,91,61,96,14
2016-10-04,51,85,81,104,21
2016-10-05,62,134,97,101,21
2016-10-06,62,148,99,131,17
2016-10-07,65,151,113,109,27
2016-10-08,50,126,104,108,25
2016-10-09,41,98,64,79,12
2016-10-10,53,116,72,89,15
2016-10-11,60,141,105,119,24
2016-10-12,34,85,56,109,15
2016-10-13,44,164,95,127,22
2016-10-14,64,157,105,126,22
2016-10-15,61,96,107,108,14
2016-10-16,47,97,79,81,18
2016-10-17,53,116,82,115,20
2016-10-18,52,110,77,110,20
2016-10-19,57,126,102,107,24
2016-10-20,67,111,102,101,20
2016-10-21,70,150,102,166,22
2016-10-22,57,105,120,102,21
2016-10-23,48,95,70,101,16
2016-10-24,64,93,92,102,14
2016-10-25,48,112,87,88,22
2016-10-26,63,145,91,108,16
2016-10-27,62,152,135,129,19
2016-10-28,67,147,108,143,27
2016-10-29,74,110,84,113,14
2016-10-30,34,118,74,90,14
2016-10-31,54,130,107,107,16
2016-11-01,62,150,110,99,27
2016-11-02,68,131,89,107,14
2016-11-03,50,147,122,94,17
2016-11-04,61,154,125,118,27
2016-11-05,64,98,99,104,20
2016-11-06,44,99,62,94,12
2016-11-07,68,115,82,122,19
2016-11-08,40,118,91,103,23
2016-11-09,41,126,84,82,12
2016-11-10,63,129,114,105,27
2016-11-11,54,113,109,99,20
2016-11-12,48,109,94,103,9
2016-11-13,30,104,77,96,12
2016-11-14,59,126,99,106,14
2016-11-15,49,141,123,135,17
2016-11-16,62,125,102,128,21
2016-11-17,46,150,123,120,12
2016-11-18,77,160,112,107,15
2016-11-19,61,139,92,105,15
2016-11-20,35,108,79,111,13
2016-11-21,71,142,94,125,19
2016-11-22,72,157,109,114,23
2016-11-23,65,125,108,157,18
2016-11-24,31,90,52,86,14
2016-11-25,51,87,55,81,12
2016-11-26,53,82,72,84,14
2016-11-27,33,89,73,84,21
2016-11-28,59,117,67,151,21
2016-11-29,69,152,106,117,19
2016-11-30,55,153,114,118,27
2016-12-01,61,165,104,114,15
2016-12-02,67,110,105,108,30
2016-12-03,54,122,93,95,17
2016-12-04,48,95,74,91,4
2016-12-05,71,154,105,136,23
2016-12-06,50,118,97,129,27
2016-12-07,59,120,100,101,20
2016-12-08,62,118,111,92,16
2016-12-09,63,121,108,112,20
2016-12-10,45,93,88,95,20
2016-12-11,48,92,81,99,17
2016-12-12,55,128,84,117,16
2016-12-13,58,121,95,107,13
2016-12-14,54,124,112,116,19
2016-12-15,63,145,110,122,23
2016-12-16,68,153,121,108,33
2016-12-17,53,143,71,110,20
2016-12-18,48,91,63,104,18
2016-12-19,68,140,102,128,22
2016-12-20,72,155,87,124,21
2016-12-21,64,117,75,111,20
2016-12-22,59,121,93,117,17
2016-12-23,72,135,77,118,25
2016-12-24,56,102,51,132,15
2016-12-25,38,69,36,82,13
2016-12-26,40,90,31,77,13
2016-12-27,39,99,72,102,16
2016-12-28,46,121,75,88,16
2016-12-29,54,100,87,98,15
2016-12-30,53,108,70,122,19
2016-12-31,53,92,54,92,12
2017-01-01,40,100,62,89,11
2017-01-02,33,81,51,92,10
2017-01-03,50,113,85,107,17
2017-01-04,46,132,71,91,21
2017-01-05,53,128,67,82,15
2017-01-06,58,114,64,99,22
2017-01-07,95,171,88,175,42
2017-01-08,33,71,53,60,15
2017-01-09,65,113,80,96,21
2017-01-10,53,115,78,76,23
2017-01-11,55,129,74,106,26
2017-01-12,64,114,69,126,18
2017-01-13,55,134,70,107,16
2017-01-14,50,92,60,91,19
2017-01-15,55,90,73,89,11
2017-01-16,48,123,51,82,13
2017-01-17,60,123,88,105,17
2017-01-18,53,108,78,95,14
2017-01-19,51,126,92,94,13
2017-01-20,52,125,91,102,18
2017-01-21,55,86,52,79,8
2017-01-22,46,75,54,71,15
2017-01-23,61,142,120,93,12
2017-01-24,69,111,80,105,17
2017-01-25,45,98,84,95,23
2017-01-26,56,110,87,79,14
2017-01-27,49,107,85,104,12
2017-01-28,55,79,74,92,17
2017-01-29,32,88,63,68,10
2017-01-30,58,104,59,101,12
2017-01-31,56,117,70,100,19
2017-02-01,60,111,93,88,14
2017-02-02,64,118,71,95,18
2017-02-03,64,108,80,112,15
2017-02-04,48,111,65,83,8
2017-02-05,30,99,50,92,14
2017-02-06,51,115,72,88,7
2017-02-07,44,121,68,95,21